month_end,equity,monthly_return,monthly_pnl
1928-11-30,10000.0,0.0,0.0
1928-12-31,9994.770138925824,-0.0005229861074176334,-5.22986107417637
1929-01-31,9994.770138925824,0.0,0.0
1929-02-28,9994.770138925824,0.0,0.0
1929-03-31,9994.770138925824,0.0,0.0
1929-04-30,9994.770138925824,0.0,0.0
1929-05-31,9994.479577783855,-2.9071318092266374e-05,-0.29056114196828275
1929-06-30,9979.251112977165,-0.0015236876205682037,-15.228464806690681
1929-07-31,9979.251112977165,0.0,0.0
1929-08-31,9979.251112977165,0.0,0.0
1929-09-30,9979.251112977165,0.0,0.0
1929-10-31,9979.251112977165,0.0,0.0
1929-11-30,10007.873440871648,0.0028681839519262287,28.622327894483533
1929-12-31,9981.845549568176,-0.0026007414519427785,-26.027891303472643
1930-01-31,9981.845549568176,0.0,0.0
1930-02-28,9981.845549568176,0.0,0.0
1930-03-31,9981.845549568176,0.0,0.0
1930-04-30,9981.845549568176,0.0,0.0
1930-05-31,9981.845549568176,0.0,0.0
1930-06-30,9981.845549568176,0.0,0.0
1930-07-31,9981.845549568176,0.0,0.0
1930-08-31,9981.845549568176,0.0,0.0
1930-09-30,9981.845549568176,0.0,0.0
1930-10-31,9981.845549568176,0.0,0.0
1930-11-30,9981.845549568176,0.0,0.0
1930-12-31,9981.845549568176,0.0,0.0
1931-01-31,9981.845549568176,0.0,0.0
1931-02-28,9981.845549568176,0.0,0.0
1931-03-31,9981.845549568176,0.0,0.0
1931-04-30,9981.845549568176,0.0,0.0
1931-05-31,9981.845549568176,0.0,0.0
1931-06-30,9981.845549568176,0.0,0.0
1931-07-31,9981.845549568176,0.0,0.0
1931-08-31,9981.845549568176,0.0,0.0
1931-09-30,9981.845549568176,0.0,0.0
1931-10-31,10096.18110563687,0.011454350350436071,114.33555606869413
1931-11-30,10096.18110563687,0.0,0.0
1931-12-31,10096.18110563687,0.0,0.0
1932-01-31,10096.18110563687,0.0,0.0
1932-02-29,10096.18110563687,0.0,0.0
1932-03-31,10096.18110563687,0.0,0.0
1932-04-30,10096.18110563687,0.0,0.0
1932-05-31,10080.18521043764,-0.001584351056291955,-15.99589519923029
1932-06-30,10064.489799882209,-0.0015570557710763433,-15.695410555430499
1932-07-31,9855.925215032985,-0.020722817449888464,-208.56458484922405
1932-08-31,9554.19889139959,-0.030613698567150238,-301.7263236333947
1932-09-30,9458.84167900256,-0.00998066017684307,-95.3572123970298
1932-10-31,9437.94527219834,-0.002209192997765008,-20.896406804220533
1932-11-30,9437.94527219834,0.0,0.0
1932-12-31,9427.474397105698,-0.0011094443536864285,-10.470875092642018
1933-01-31,9427.474397105698,0.0,0.0
1933-02-28,9398.30295566859,-0.0030943007860156913,-29.171441437107205
1933-03-31,9390.055864805156,-0.0008775085142855854,-8.247090863435005
1933-04-30,9296.462468788148,-0.009967288519315942,-93.59339601700776
1933-05-31,9286.208987703869,-0.0011029443854265741,-10.253481084278974
1933-06-30,9235.827993564331,-0.005425356483603649,-50.380994139537506
1933-07-31,9219.695068742209,-0.0017467762320134694,-16.13292482212273
1933-08-31,9306.99145679324,0.009468468035021438,87.29638805103059
1933-09-30,9306.99145679324,0.0,0.0
1933-10-31,9306.99145679324,0.0,0.0
1933-11-30,9288.561427718028,-0.00198023487619714,-18.43002907521077
1933-12-31,9288.561427718028,0.0,0.0
1934-01-31,9281.655498676437,-0.000743487470619919,-6.905929041591662
1934-02-28,9281.655498676437,0.0,0.0
1934-03-31,9281.655498676437,0.0,0.0
1934-04-30,9281.655498676437,0.0,0.0
1934-05-31,9281.655498676437,0.0,0.0
1934-06-30,9281.655498676437,0.0,0.0
1934-07-31,9281.655498676437,0.0,0.0
1934-08-31,9281.655498676437,0.0,0.0
1934-09-30,9267.977690237729,-0.0014736388827034652,-13.67780843870787
1934-10-31,9267.977690237729,0.0,0.0
1934-11-30,9267.977690237729,0.0,0.0
1934-12-31,9263.681605452266,-0.00046354069129750375,-4.296084785462881
1935-01-31,9263.681605452266,0.0,0.0
1935-02-28,9263.681605452266,0.0,0.0
1935-03-31,9263.681605452266,0.0,0.0
1935-04-30,9295.82555041,0.0034698887900912467,32.143944957733765
1935-05-31,9304.28794904641,0.000910343959287907,8.462398636409489
1935-06-30,9304.28794904641,0.0,0.0
1935-07-31,9304.28794904641,0.0,0.0
1935-08-31,9296.602576742856,-0.0008260032735057932,-7.685372303552867
1935-09-30,9296.602576742856,0.0,0.0
1935-10-31,9296.602576742856,0.0,0.0
1935-11-30,9296.602576742856,0.0,0.0
1935-12-31,9296.602576742856,0.0,0.0
1936-01-31,9296.602576742856,0.0,0.0
1936-02-29,9296.602576742856,0.0,0.0
1936-03-31,9296.602576742856,0.0,0.0
1936-04-30,9296.602576742856,0.0,0.0
1936-05-31,9296.602576742856,0.0,0.0
1936-06-30,9296.602576742856,0.0,0.0
1936-07-31,9296.602576742856,0.0,0.0
1936-08-31,9296.602576742856,0.0,0.0
1936-09-30,9296.602576742856,0.0,0.0
1936-10-31,9287.49739627089,-0.0009794094559602007,-9.105180471966378
1936-11-30,9287.49739627089,0.0,0.0
1936-12-31,9287.49739627089,0.0,0.0
1937-01-31,9287.49739627089,0.0,0.0
1937-02-28,9287.49739627089,0.0,0.0
1937-03-31,9287.49739627089,0.0,0.0
1937-04-30,9287.49739627089,0.0,0.0
1937-05-31,9287.49739627089,0.0,0.0
1937-06-30,9287.49739627089,0.0,0.0
1937-07-31,9287.49739627089,0.0,0.0
1937-08-31,9287.49739627089,0.0,0.0
1937-09-30,9287.49739627089,0.0,0.0
1937-10-31,9255.239972518786,-0.003473209453071391,-32.25742375210393
1937-11-30,9255.239972518786,0.0,0.0
1937-12-31,9255.239972518786,0.0,0.0
1938-01-31,9255.239972518786,0.0,0.0
1938-02-28,9255.239972518786,0.0,0.0
1938-03-31,9255.239972518786,0.0,0.0
1938-04-30,9255.239972518786,0.0,0.0
1938-05-31,9247.450744365557,-0.0008416019656278806,-7.789228153229487
1938-06-30,9247.450744365557,0.0,0.0
1938-07-31,9247.450744365557,0.0,0.0
1938-08-31,9247.450744365557,0.0,0.0
1938-09-30,9247.450744365557,0.0,0.0
1938-10-31,9239.394681695938,-0.0008711657831242947,-8.056062669618768
1938-11-30,9239.394681695938,0.0,0.0
1938-12-31,9239.394681695938,0.0,0.0
1939-01-31,9239.394681695938,0.0,0.0
1939-02-28,9239.394681695938,0.0,0.0
1939-03-31,9239.394681695938,0.0,0.0
1939-04-30,9239.394681695938,0.0,0.0
1939-05-31,9239.394681695938,0.0,0.0
1939-06-30,9239.394681695938,0.0,0.0
1939-07-31,9239.394681695938,0.0,0.0
1939-08-31,9239.394681695938,0.0,0.0
1939-09-30,9239.394681695938,0.0,0.0
1939-10-31,9239.394681695938,0.0,0.0
1939-11-30,9239.394681695938,0.0,0.0
1939-12-31,9239.394681695938,0.0,0.0
1940-01-31,9239.394681695938,0.0,0.0
1940-02-29,9239.394681695938,0.0,0.0
1940-03-31,9235.136392789023,-0.0004608839706079504,-4.2582889069144585
1940-04-30,9235.136392789023,0.0,0.0
1940-05-31,9297.854865248952,0.006791288162121711,62.71847245992831
1940-06-30,9297.854865248952,0.0,0.0
1940-07-31,9294.884822806902,-0.00031943308269422044,-2.9700424420498166
1940-08-31,9294.884822806902,0.0,0.0
1940-09-30,9294.884822806902,0.0,0.0
1940-10-31,9294.884822806902,0.0,0.0
1940-11-30,9294.884822806902,0.0,0.0
1940-12-31,9288.23095010008,-0.0007158639223259211,-6.653872706821858
1941-01-31,9288.23095010008,0.0,0.0
1941-02-28,9288.23095010008,0.0,0.0
1941-03-31,9288.23095010008,0.0,0.0
1941-04-30,9288.23095010008,0.0,0.0
1941-05-31,9288.23095010008,0.0,0.0
1941-06-30,9288.23095010008,0.0,0.0
1941-07-31,9288.23095010008,0.0,0.0
1941-08-31,9288.23095010008,0.0,0.0
1941-09-30,9288.23095010008,0.0,0.0
1941-10-31,9288.23095010008,0.0,0.0
1941-11-30,9288.23095010008,0.0,0.0
1941-12-31,9288.23095010008,0.0,0.0
1942-01-31,9291.946330559049,0.0004000094828529033,3.715380458968866
1942-02-28,9291.946330559049,0.0,0.0
1942-03-31,9291.946330559049,0.0,0.0
1942-04-30,9291.946330559049,0.0,0.0
1942-05-31,9282.657221243177,-0.0009996946802547368,-9.289109315872338
1942-06-30,9274.267235597064,-0.0009038344782258401,-8.389985646112109
1942-07-31,9274.267235597064,0.0,0.0
1942-08-31,9253.895861010416,-0.002196548155142364,-20.371374586648017
1942-09-30,9229.429124986376,-0.0026439389843500027,-24.466736024040074
1942-10-31,9217.71610972936,-0.0012690942308996034,-11.713015257017105
1942-11-30,9213.691570987294,-0.000436609100796459,-4.024538742065488
1942-12-31,9174.42571330248,-0.004261685707871554,-39.265857684813454
1943-01-31,9120.973305760252,-0.005826240160702989,-53.452407542228684
1943-02-28,9097.38638558947,-0.002586009122062083,-23.586920170781013
1943-03-31,9072.557862909462,-0.00272919293824192,-24.828522680008973
1943-04-30,9066.76940716976,-0.0006380180569985905,-5.788455739701021
1943-05-31,9066.76940716976,0.0,0.0
1943-06-30,9066.76940716976,0.0,0.0
1943-07-31,9066.76940716976,0.0,0.0
1943-08-31,9070.881156347146,0.00045349660863047703,4.111749177385718
1943-09-30,9070.881156347146,0.0,0.0
1943-10-31,9070.881156347146,0.0,0.0
1943-11-30,9070.881156347146,0.0,0.0
1943-12-31,9070.881156347146,0.0,0.0
1944-01-31,9070.881156347146,0.0,0.0
1944-02-29,9070.881156347146,0.0,0.0
1944-03-31,9070.881156347146,0.0,0.0
1944-04-30,9070.881156347146,0.0,0.0
1944-05-31,9055.658208946645,-0.0016782214581049226,-15.222947400501653
1944-06-30,9055.658208946645,0.0,0.0
1944-07-31,9055.658208946645,0.0,0.0
1944-08-31,9055.658208946645,0.0,0.0
1944-09-30,9055.658208946645,0.0,0.0
1944-10-31,9055.658208946645,0.0,0.0
1944-11-30,9052.664763998448,-0.0003305607255847942,-2.993444948197066
1944-12-31,9052.664763998448,0.0,0.0
1945-01-31,9048.931410190726,-0.0004124038506947425,-3.733353807721869
1945-02-28,9048.931410190726,0.0,0.0
1945-03-31,9039.132076732643,-0.0010829271450821798,-9.799333458082401
1945-04-30,9034.670838914331,-0.0004935471437347294,-4.461237818311929
1945-05-31,9034.670838914331,0.0,0.0
1945-06-30,9034.670838914331,0.0,0.0
1945-07-31,9034.670838914331,0.0,0.0
1945-08-31,9034.670838914331,0.0,0.0
1945-09-30,9030.867882127224,-0.00042092920206093787,-3.8029567871071777
1945-10-31,9030.867882127224,0.0,0.0
1945-11-30,9030.867882127224,0.0,0.0
1945-12-31,9030.867882127224,0.0,0.0
1946-01-31,9021.861929619115,-0.0009972410875296323,-9.005952508108749
1946-02-28,9021.861929619115,0.0,0.0
1946-03-31,9021.861929619115,0.0,0.0
1946-04-30,9021.861929619115,0.0,0.0
1946-05-31,9021.861929619115,0.0,0.0
1946-06-30,9021.861929619115,0.0,0.0
1946-07-31,9021.861929619115,0.0,0.0
1946-08-31,9021.861929619115,0.0,0.0
1946-09-30,9021.861929619115,0.0,0.0
1946-10-31,9021.861929619115,0.0,0.0
1946-11-30,9021.861929619115,0.0,0.0
1946-12-31,9021.861929619115,0.0,0.0
1947-01-31,9021.861929619115,0.0,0.0
1947-02-28,9021.861929619115,0.0,0.0
1947-03-31,9021.861929619115,0.0,0.0
1947-04-30,9021.861929619115,0.0,0.0
1947-05-31,9021.861929619115,0.0,0.0
1947-06-30,9021.861929619115,0.0,0.0
1947-07-31,9021.861929619115,0.0,0.0
1947-08-31,9021.861929619115,0.0,0.0
1947-09-30,9021.861929619115,0.0,0.0
1947-10-31,9021.861929619115,0.0,0.0
1947-11-30,9021.861929619115,0.0,0.0
1947-12-31,9021.861929619115,0.0,0.0
1948-01-31,9021.861929619115,0.0,0.0
1948-02-29,9021.861929619115,0.0,0.0
1948-03-31,9021.861929619115,0.0,0.0
1948-04-30,9016.612220213898,-0.0005818875799886714,-5.2497094052178
1948-05-31,9016.612220213898,0.0,0.0
1948-06-30,9016.612220213898,0.0,0.0
1948-07-31,9016.612220213898,0.0,0.0
1948-08-31,9016.612220213898,0.0,0.0
1948-09-30,9016.612220213898,0.0,0.0
1948-10-31,9016.612220213898,0.0,0.0
1948-11-30,9016.612220213898,0.0,0.0
1948-12-31,9016.612220213898,0.0,0.0
1949-01-31,9016.612220213898,0.0,0.0
1949-02-28,9016.612220213898,0.0,0.0
1949-03-31,9016.612220213898,0.0,0.0
1949-04-30,9016.612220213898,0.0,0.0
1949-05-31,9016.612220213898,0.0,0.0
1949-06-30,9016.612220213898,0.0,0.0
1949-07-31,9016.612220213898,0.0,0.0
1949-08-31,9016.612220213898,0.0,0.0
1949-09-30,9016.612220213898,0.0,0.0
1949-10-31,9016.612220213898,0.0,0.0
1949-11-30,9016.612220213898,0.0,0.0
1949-12-31,9016.612220213898,0.0,0.0
1950-01-31,9016.612220213898,0.0,0.0
1950-02-28,9016.612220213898,0.0,0.0
1950-03-31,9011.378582055915,-0.0005804439661106775,-5.233638157982568
1950-04-30,9011.378582055915,0.0,0.0
1950-05-31,9011.378582055915,0.0,0.0
1950-06-30,9011.378582055915,0.0,0.0
1950-07-31,9011.378582055915,0.0,0.0
1950-08-31,9011.378582055915,0.0,0.0
1950-09-30,9011.378582055915,0.0,0.0
1950-10-31,9011.378582055915,0.0,0.0
1950-11-30,9011.378582055915,0.0,0.0
1950-12-31,9011.378582055915,0.0,0.0
1951-01-31,9011.378582055915,0.0,0.0
1951-02-28,9011.378582055915,0.0,0.0
1951-03-31,9011.378582055915,0.0,0.0
1951-04-30,9008.649676492563,-0.00030282886669374953,-2.728905563351873
1951-05-31,9008.649676492563,0.0,0.0
1951-06-30,9008.649676492563,0.0,0.0
1951-07-31,9008.649676492563,0.0,0.0
1951-08-31,8994.828844647964,-0.0015341735266567458,-13.820831844599525
1951-09-30,8994.828844647964,0.0,0.0
1951-10-31,8994.828844647964,0.0,0.0
1951-11-30,8994.828844647964,0.0,0.0
1951-12-31,8992.23098483591,-0.00028881703664662695,-2.597859812054594
1952-01-31,8993.012565182698,8.691728983678537e-05,0.7815803467892692
1952-02-29,8993.012565182698,0.0,0.0
1952-03-31,8990.645779230812,-0.00026318054542140423,-2.3667859518864134
1952-04-30,8990.645779230812,0.0,0.0
1952-05-31,8990.645779230812,0.0,0.0
1952-06-30,8990.645779230812,0.0,0.0
1952-07-31,8990.645779230812,0.0,0.0
1952-08-31,8990.645779230812,0.0,0.0
1952-09-30,8990.645779230812,0.0,0.0
1952-10-31,8990.645779230812,0.0,0.0
1952-11-30,8987.600167008686,-0.0003387534440697504,-3.045612222125783
1952-12-31,8987.600167008686,0.0,0.0
1953-01-31,8984.311269120502,-0.0003659372721381837,-3.288897888183783
1953-02-28,8984.311269120502,0.0,0.0
1953-03-31,8977.757911089639,-0.0007294224158715945,-6.553358030863819
1953-04-30,8977.757911089639,0.0,0.0
1953-05-31,8977.757911089639,0.0,0.0
1953-06-30,8977.757911089639,0.0,0.0
1953-07-31,8977.757911089639,0.0,0.0
1953-08-31,8977.757911089639,0.0,0.0
1953-09-30,8977.757911089639,0.0,0.0
1953-10-31,8977.757911089639,0.0,0.0
1953-11-30,8977.757911089639,0.0,0.0
1953-12-31,8978.252155492934,5.505209743783546e-05,0.49424440329494246
1954-01-31,8970.986377866897,-0.0008092641530000888,-7.265777626036652
1954-02-28,8970.986377866897,0.0,0.0
1954-03-31,8970.986377866897,0.0,0.0
1954-04-30,8960.431889943138,-0.0011765136495802686,-10.554487923758643
1954-05-31,8960.431889943138,0.0,0.0
1954-06-30,8938.445118730153,-0.002453762439471485,-21.98677121298533
1954-07-31,8938.445118730153,0.0,0.0
1954-08-31,8938.445118730153,0.0,0.0
1954-09-30,8891.188519260288,-0.005286892612993865,-47.25659946986525
1954-10-31,8891.188519260288,0.0,0.0
1954-11-30,8865.848266534415,-0.002850041102039458,-25.340252725873142
1954-12-31,8865.848266534415,0.0,0.0
1955-01-31,8860.753579442042,-0.0005746418096961303,-5.094687092372624
1955-02-28,8860.753579442042,0.0,0.0
1955-03-31,8860.753579442042,0.0,0.0
1955-04-30,8840.611706300344,-0.002273155771810309,-20.141873141697943
1955-05-31,8840.611706300344,0.0,0.0
1955-06-30,8837.234401070611,-0.00038202166794931713,-3.377305229732883
1955-07-31,8837.234401070611,0.0,0.0
1955-08-31,8833.861943064978,-0.00038161916416123987,-3.3724580056332343
1955-09-30,8830.907740076762,-0.000334418061687658,-2.9542029882159113
1955-10-31,8830.907740076762,0.0,0.0
1955-11-30,8823.61099866637,-0.0008262730882440117,-7.296741410391405
1955-12-31,8823.61099866637,0.0,0.0
1956-01-31,8823.61099866637,0.0,0.0
1956-02-29,8823.61099866637,0.0,0.0
1956-03-31,8809.55633868614,-0.0015928467361441268,-14.054659980231008
1956-04-30,8809.55633868614,0.0,0.0
1956-05-31,8809.55633868614,0.0,0.0
1956-06-30,8806.044325413173,-0.00039865949407047463,-3.5120132729662146
1956-07-31,8788.922582170639,-0.0019443171769103484,-17.12174324253465
1956-08-31,8788.922582170639,0.0,0.0
1956-09-30,8788.922582170639,0.0,0.0
1956-10-31,8788.922582170639,0.0,0.0
1956-11-30,8788.922582170639,0.0,0.0
1956-12-31,8788.922582170639,0.0,0.0
1957-01-31,8788.922582170639,0.0,0.0
1957-02-28,8788.922582170639,0.0,0.0
1957-03-31,8771.701602124773,-0.0019593960334569616,-17.220980045865872
1957-04-30,8722.89522036295,-0.00556407228330702,-48.806381761822195
1957-05-31,8723.45771154555,6.44844593900018e-05,0.5624911825998424
1957-06-30,8723.45771154555,0.0,0.0
1957-07-31,8723.45771154555,0.0,0.0
1957-08-31,8723.45771154555,0.0,0.0
1957-09-30,8723.45771154555,0.0,0.0
1957-10-31,8723.45771154555,0.0,0.0
1957-11-30,8723.45771154555,0.0,0.0
1957-12-31,8723.45771154555,0.0,0.0
1958-01-31,8710.935822311278,-0.0014354272867855844,-12.521889234272749
1958-02-28,8714.832164872183,0.00044729322318337594,3.8963425609053957
1958-03-31,8712.965215164062,-0.00021422669683146545,-1.8669497081209556
1958-04-30,8702.603725513882,-0.0011892036056964095,-10.361489650180374
1958-05-31,8702.603725513882,0.0,0.0
1958-06-30,8693.091490196106,-0.0010930332596770231,-9.512235317775776
1958-07-31,8693.091490196106,0.0,0.0
1958-08-31,8693.091490196106,0.0,0.0
1958-09-30,8693.091490196106,0.0,0.0
1958-10-31,8693.091490196106,0.0,0.0
1958-11-30,8693.091490196106,0.0,0.0
1958-12-31,8693.091490196106,0.0,0.0
1959-01-31,8693.091490196106,0.0,0.0
1959-02-28,8693.091490196106,0.0,0.0
1959-03-31,8693.091490196106,0.0,0.0
1959-04-30,8693.091490196106,0.0,0.0
1959-05-31,8693.091490196106,0.0,0.0
1959-06-30,8689.8971984328,-0.00036745175946995,-3.194291763305955
1959-07-31,8689.8971984328,0.0,0.0
1959-08-31,8689.8971984328,0.0,0.0
1959-09-30,8689.8971984328,0.0,0.0
1959-10-31,8689.8971984328,0.0,0.0
1959-11-30,8689.8971984328,0.0,0.0
1959-12-31,8684.989580646394,-0.0005647498093868109,-4.907617786406263
1960-01-31,8684.989580646394,0.0,0.0
1960-02-29,8684.989580646394,0.0,0.0
1960-03-31,8684.989580646394,0.0,0.0
1960-04-30,8685.704015083193,8.226082831352954e-05,0.7144344367989106
1960-05-31,8676.19182049167,-0.0010951552775693152,-9.51219459152344
1960-06-30,8667.430059345123,-0.001009862544285034,-8.761761146546633
1960-07-31,8667.430059345123,0.0,0.0
1960-08-31,8667.430059345123,0.0,0.0
1960-09-30,8667.430059345123,0.0,0.0
1960-10-31,8667.430059345123,0.0,0.0
1960-11-30,8667.430059345123,0.0,0.0
1960-12-31,8667.430059345123,0.0,0.0
1961-01-31,8664.871383987303,-0.00029520576921882036,-2.5586753578190837
1961-02-28,8664.871383987303,0.0,0.0
1961-03-31,8639.931627944821,-0.0028782603846343457,-24.93975604248226
1961-04-30,8637.147290897788,-0.00032226378250810317,-2.78433704703275
1961-05-31,8637.147290897788,0.0,0.0
1961-06-30,8637.147290897788,0.0,0.0
1961-07-31,8637.147290897788,0.0,0.0
1961-08-31,8637.147290897788,0.0,0.0
1961-09-30,8637.147290897788,0.0,0.0
1961-10-31,8629.921260480482,-0.0008366223446162335,-7.226030417306902
1961-11-30,8606.597731981423,-0.002702635145220289,-23.32352849905874
1961-12-31,8606.597731981423,0.0,0.0
1962-01-31,8599.908771935472,-0.0007771898088247964,-6.688960045950807
1962-02-28,8490.391983897489,-0.012734645325003346,-109.51678803798313
1962-03-31,8427.687704524318,-0.007385322078426126,-62.70427937317072
1962-04-30,8421.151540418221,-0.000775558413559696,-6.536164106097203
1962-05-31,8421.151540418221,0.0,0.0
1962-06-30,8421.151540418221,0.0,0.0
1962-07-31,8491.069654592111,0.008302678539664043,69.91811417388999
1962-08-31,8470.907262250497,-0.002374540919083068,-20.162392341613668
1962-09-30,8470.907262250497,0.0,0.0
1962-10-31,8470.907262250497,0.0,0.0
1962-11-30,8731.129085851266,0.030719474968214255,260.2218236007684
1962-12-31,8885.326758078309,0.017660679473508134,154.19767222704286
1963-01-31,8921.428343769481,0.004063056618412997,36.10158569117266
1963-02-28,8891.161380654332,-0.003392614046638265,-30.266963115149338
1963-03-31,8921.351855305124,0.0033955603051454286,30.190474650791657
1963-04-30,8980.208917885779,0.0065973255550564325,58.85706258065511
1963-05-31,8866.810724199428,-0.012627567434483344,-113.39819368635108
1963-06-30,8744.586833964619,-0.013784425317801552,-122.223890234809
1963-07-31,8661.02836749908,-0.009555450480632333,-83.558466465538
1963-08-31,8797.05703827545,0.015705833649826584,136.02867077636984
1963-09-30,8706.857171536994,-0.010253413879892093,-90.19986673845597
1963-10-31,8763.96619244153,0.006559085532174214,57.10902090453601
1963-11-30,8718.47691272177,-0.0051904900955680455,-45.489279719760816
1963-12-31,8884.867247766631,0.019084793905007613,166.39033504486179
1964-01-31,9070.65765603733,0.020910881737417064,185.79040827069912
1964-02-29,9219.727048247069,0.016434243013296657,149.069392209738
1964-03-31,9309.724575533057,0.009761409075890182,89.99752728598833
1964-04-30,9316.799406912536,0.0007599399232576243,7.074831379479292
1964-05-31,9188.984017431943,-0.013718808777374858,-127.81538948059278
1964-06-30,9326.21088455732,0.014933845446357452,137.22686712537688
1964-07-31,9204.670744181907,-0.013032102949405044,-121.5401403754131
1964-08-31,9192.845007422173,-0.0012847539133552521,-11.825736759734355
1964-09-30,9297.748013855937,0.011411375515312905,104.90300643376395
1964-10-31,9268.184718289918,-0.0031796189272887965,-29.563295566018496
1964-11-30,9175.615293437271,-0.009987870080963024,-92.56942485264699
1964-12-31,9231.375270450995,0.006076974157101622,55.75997701372398
1965-01-31,9251.985114337233,0.0022325865087737817,20.609843886237286
1965-02-28,9255.852803039406,0.00041803879431023816,3.8676887021738366
1965-03-31,9179.456103232103,-0.008253880159180604,-76.39669980730287
1965-04-30,9182.03877492618,0.0002813534554806374,2.582671694077362
1965-05-31,9069.68191803509,-0.012236591419969689,-112.3568568910905
1965-06-30,9069.112443585933,-6.278880056698188e-05,-0.5694744491574966
1965-07-31,9004.577812957617,-0.007115870602525942,-64.53463062831543
1965-08-31,9188.699888730582,0.020447607827655423,184.1220757729643
1965-09-30,9346.737919714644,0.017199172124218176,158.03803098406206
1965-10-31,9299.545136070104,-0.005049118104081818,-47.192783644539304
1965-11-30,9161.133819342327,-0.014883665244111999,-138.41131672777738
1965-12-31,9208.698055706418,0.005191959565492565,47.5642363640909
1966-01-31,9071.236577474168,-0.014927352096974045,-137.46147823224965
1966-02-28,8972.670527835144,-0.010865778749921007,-98.56604963902464
1966-03-31,9001.709013073356,0.003236325812714158,29.03848523821216
1966-04-30,8907.9251607174,-0.010418449676583896,-93.7838523559567
1966-05-31,8828.295334362421,-0.008939211423343973,-79.62982635497792
1966-06-30,8803.581466782553,-0.0027993929341800783,-24.713867579868747
1966-07-31,8769.274127577492,-0.0038969752633639665,-34.307339205061
1966-08-31,8769.274127577492,0.0,0.0
1966-09-30,8683.85248460918,-0.009741016385800716,-85.42164296831106
1966-10-31,8932.910770077142,0.028680621407304985,249.05828546796147
1966-11-30,8831.31654857511,-0.011373025446794416,-101.59422150203136
1966-12-31,8788.31572800648,-0.004869129119323468,-43.00082056862993
1967-01-31,9013.621481921447,0.0256369662729532,225.30575391496677
1967-02-28,8943.296311731456,-0.007802099337213431,-70.3251701899917
1967-03-31,9001.684698406603,0.0065287322078948495,58.38838667514756
1967-04-30,9034.258542454152,0.0036186386369780887,32.573844047548846
1967-05-31,8890.854397918542,-0.01587337177276038,-143.4041445356106
1967-06-30,8883.833757157301,-0.0007896474789739205,-7.020640761240429
1967-07-31,8876.666541297753,-0.000806770596509021,-7.167215859548378
1967-08-31,8797.98767161217,-0.008863560360134803,-78.67886968558196
1967-09-30,8702.73064642645,-0.010827137834380052,-95.25702518572143
1967-10-31,8627.703720706233,-0.00862107868994244,-75.02692572021624
1967-11-30,8677.27572200105,0.005745677285584838,49.5720012948168
1967-12-31,8538.342893392126,-0.016011111443268167,-138.93282860892396
1968-01-31,8392.428950058908,-0.017089257851911954,-145.9139433332184
1968-02-29,8383.841242186245,-0.0010232684630118172,-8.587707872662577
1968-03-31,8383.841242186245,0.0,0.0
1968-04-30,8521.281188375035,0.016393433775584,137.4399461887897
1968-05-31,8455.519054747274,-0.007717399786956403,-65.7621336277607
1968-06-30,8371.590721054994,-0.00992586417804342,-83.92833369227992
1968-07-31,8311.093512654814,-0.007226489016958992,-60.49720840018017
1968-08-31,8471.132572595698,0.01925607739790225,160.03905994088382
1968-09-30,8666.70990184549,0.023087506608324038,195.57732924979246
1968-10-31,8662.121301939662,-0.000529451194028252,-4.588599905828232
1968-11-30,8687.61122311712,0.0029426880886267437,25.48992117745729
1968-12-31,8560.59262378676,-0.014620658782746987,-127.01859933035848
1969-01-31,8414.487792413818,-0.01706713983410102,-146.1048313729425
1969-02-28,8439.08619978861,0.0029233398373895714,24.59840737479135
1969-03-31,8432.515978339985,-0.0007785465503112876,-6.570221448624579
1969-04-30,8420.505259995434,-0.0014243338969534003,-12.010718344550696
1969-05-31,8314.786610448402,-0.012554905707296005,-105.71864954703233
1969-06-30,8257.604179618673,-0.0068771976370233245,-57.18243082972913
1969-07-31,8246.809965393993,-0.0013071847463119735,-10.794214224679308
1969-08-31,8257.159815046967,0.0012550125074306528,10.349849652973717
1969-09-30,8232.434021947427,-0.0029944670629339365,-24.72579309954017
1969-10-31,8152.117876784027,-0.009756063024529471,-80.3161451633996
1969-11-30,8085.425945901984,-0.00818093308880774,-66.69193088204338
1969-12-31,8052.416322270916,-0.004082607873961086,-33.00962363106828
1970-01-31,8026.876575479621,-0.0031716873257854328,-25.53974679129442
1970-02-28,8035.20802775013,0.0010379444846528862,8.331452270508635
1970-03-31,7949.793218873004,-0.010630068142870819,-85.41480887712623
1970-04-30,7942.055800463929,-0.0009732854925970091,-7.737418409074962
1970-05-31,7928.205191997917,-0.0017439575865486612,-13.85060846601209
1970-06-30,7745.840387435755,-0.023002028850896306,-182.36480456216213
1970-07-31,7643.609201836562,-0.013198204518262258,-102.23118559919294
1970-08-31,7670.64395111286,0.0035369088819718897,27.0347492762985
1970-09-30,7737.500963912803,0.008715958298421977,66.85701279994282
1970-10-31,7667.949960089386,-0.008988820052856616,-69.55100382341698
1970-11-30,7681.788749548615,0.001804757403381263,13.838789459228792
1970-12-31,7898.626876719725,0.028227556659098596,216.8381271711105
1971-01-31,8096.970467566195,0.025111148297315422,198.34359084646985
1971-02-28,8084.050290298303,-0.001595680423887691,-12.92017726789254
1971-03-31,8173.42774586907,0.011056024190996272,89.37745557076778
1971-04-30,8102.336272912006,-0.008697877459428738,-71.09147295706407
1971-05-31,7970.40510652908,-0.01628310180410597,-131.93116638292668
1971-06-30,7957.817214413079,-0.0015793290237768876,-12.587892116001058
1971-07-31,7931.489465339506,-0.003308413395810117,-26.327749073572704
1971-08-31,7906.471936959248,-0.0031542030648321617,-25.017528380258227
1971-09-30,7860.965054330943,-0.005755649674234697,-45.50688262830499
1971-10-31,7831.347101450083,-0.003767724786480464,-29.617952880859775
1971-11-30,7836.609494664717,0.0006719652629953998,5.262393214634358
1971-12-31,7988.953894495127,0.019440090760440176,152.3443998304101
1972-01-31,7991.509725386327,0.00031992059598207057,2.555830891199548
1972-02-29,8125.433476002128,0.0167582540993938,133.9237506158015
1972-03-31,8102.783121939367,-0.0027875871643842087,-22.650354062760925
1972-04-30,8003.934479216285,-0.012199344501204412,-98.84864272308278
1972-05-31,7948.50510211929,-0.006925266222621795,-55.42937709699436
1972-06-30,7934.48998669636,-0.0017632391553971116,-14.015115422930648
1972-07-31,7934.48998669636,0.0,0.0
1972-08-31,7818.272832334091,-0.014647085642193525,-116.21715436226896
1972-09-30,7812.16242684267,-0.0007815543947442549,-6.110405491420352
1972-10-31,7825.252372268521,0.001675585415489289,13.089945425850601
1972-11-30,7909.315267419931,0.01074251553206329,84.06289515140998
1972-12-31,7863.15110892689,-0.005836682055550435,-46.164158493041214
1973-01-31,7833.502656544121,-0.0037705561004810484,-29.648452382768482
1973-02-28,7825.562665783318,-0.0010135939322328813,-7.939990760803084
1973-03-31,7825.562665783318,0.0,0.0
1973-04-30,7825.562665783318,0.0,0.0
1973-05-31,7825.562665783318,0.0,0.0
1973-06-30,7825.562665783318,0.0,0.0
1973-07-31,7765.2357420576445,-0.007708956697701552,-60.32692372567362
1973-08-31,7743.349530311429,-0.002818486453370239,-21.88621174621585
1973-09-30,7776.53050584723,0.004285093344413182,33.180975535801736
1973-10-31,7672.424902656399,-0.013387152935689373,-104.10560319083106
1973-11-30,7628.446174512434,-0.005732050649168152,-43.97872814396578
1973-12-31,7692.632640619393,0.008414094382865889,64.18646610695941
1974-01-31,7532.645371520837,-0.020797466429603784,-159.98726909855577
1974-02-28,7561.27859604738,0.003801217648556676,28.633224526543017
1974-03-31,7485.134766497863,-0.010070231982897804,-76.14382954951725
1974-04-30,7485.134766497863,0.0,0.0
1974-05-31,7467.363244368259,-0.0023742421057194596,-17.77152212960391
1974-06-30,7391.711069603899,-0.010131042549914149,-75.6521747643601
1974-07-31,7391.711069603899,0.0,0.0
1974-08-31,7391.711069603899,0.0,0.0
1974-09-30,7391.711069603899,0.0,0.0
1974-10-31,7471.382617313773,0.010778498639847811,79.67154770987418
1974-11-30,7398.487622990043,-0.009756560205444131,-72.89499432373032
1974-12-31,7398.487622990043,0.0,0.0
1975-01-31,7500.414018970875,0.0137766529018859,101.92639598083224
1975-02-28,7667.225176581087,0.022240259962756026,166.81115761021192
1975-03-31,7579.905781347931,-0.011388656681150522,-87.31939523315577
1975-04-30,7671.790323366277,0.012122121919305284,91.88454201834611
1975-05-31,7812.671177662281,0.018363491226671913,140.88085429600324
1975-06-30,7746.124299736954,-0.008517813742833003,-66.54687792532695
1975-07-31,7608.090226403215,-0.017819759662057844,-138.0340733337389
1975-08-31,7555.336167425816,-0.0069339423439434,-52.75405897739893
1975-09-30,7546.806379392194,-0.0011289753155389048,-8.529788033622026
1975-10-31,7502.387437445345,-0.005885793236744763,-44.41894194684846
1975-11-30,7463.383029621511,-0.005198932759611807,-39.0044078238343
1975-12-31,7463.383029621511,0.0,0.0
1976-01-31,7635.980531528859,0.023125907007897517,172.59750190734758
1976-02-29,7622.073826399508,-0.0018212075151226026,-13.906705129350485
1976-03-31,7649.383188597385,0.003582930685253727,27.309362197876908
1976-04-30,7567.481344753653,-0.010706986671267793,-81.90184384373242
1976-05-31,7567.481344753653,0.0,0.0
1976-06-30,7563.728984996093,-0.0004958531890086881,-3.7523597575600434
1976-07-31,7548.1219753351,-0.002063401490448924,-15.607009660992844
1976-08-31,7548.1219753351,0.0,0.0
1976-09-30,7530.980820497628,-0.002270916513204657,-17.14115483747173
1976-10-31,7487.122936337995,-0.005823661645806055,-43.857884159632704
1976-11-30,7543.542014128392,0.007535481689044055,56.41907779039684
1976-12-31,7538.026822222962,-0.0007311143618077276,-5.515191905429674
1977-01-31,7502.53376290333,-0.004708534495392658,-35.493059319632266
1977-02-28,7490.618899267858,-0.0015881119648385456,-11.914863635472102
1977-03-31,7490.618899267858,0.0,0.0
1977-04-30,7484.73073139829,-0.0007860722790400398,-5.888167869567951
1977-05-31,7478.998972759636,-0.0007657935661746773,-5.731758638654355
1977-06-30,7439.956490264738,-0.005220281836793905,-39.04248249489774
1977-07-31,7439.956490264738,0.0,0.0
1977-08-31,7439.956490264738,0.0,0.0
1977-09-30,7439.956490264738,0.0,0.0
1977-10-31,7433.552828203319,-0.0008607122998364192,-6.4036620614188
1977-11-30,7361.3157407606495,-0.0097177068774702,-72.23708744266969
1977-12-31,7362.6231785898035,0.00017760925834409136,1.3074378291539688
1978-01-31,7350.796886802519,-0.0016062606357031273,-11.82629178728439
1978-02-28,7350.796886802519,0.0,0.0
1978-03-31,7325.787213427799,-0.0034023077715046313,-25.009673374720478
1978-04-30,7354.982581644178,0.003985287500961832,29.195368216379393
1978-05-31,7365.430323278002,0.0014204984876373672,10.44774163382408
1978-06-30,7321.45094125896,-0.005971053976309926,-43.97938201904253
1978-07-31,7404.5726517386975,0.011353174547864331,83.12171047973789
1978-08-31,7486.209607241889,0.01102520825209563,81.63695550319153
1978-09-30,7532.217275269493,0.006145655871443667,46.00766802760427
1978-10-31,7462.774830058354,-0.009219389546706092,-69.44244521113887
1978-11-30,7479.612604027732,0.0022562350268908737,16.83777396937785
1978-12-31,7461.692281571372,-0.002395889119539363,-17.920322456359827
1979-01-31,7453.185656825322,-0.001140039608314991,-8.506624746049965
1979-02-28,7453.185656825322,0.0,0.0
1979-03-31,7429.668356201021,-0.0031553354105388065,-23.517300624301242
1979-04-30,7383.453941731984,-0.006220252675271265,-46.214414469037365
1979-05-31,7383.453941731984,0.0,0.0
1979-06-30,7432.2351967009,0.006606834058136446,48.78125496891607
1979-07-31,7478.955473581437,0.006286167706489598,46.72027688053731
1979-08-31,7410.024199103069,-0.009216698069918983,-68.93127447836832
1979-09-30,7377.583892380701,-0.004377894842272467,-32.440306722367495
1979-10-31,7341.06199068872,-0.004950387853901672,-36.52190169198184
1979-11-30,7361.011972820677,0.0027175880216325776,19.949982131957768
1979-12-31,7247.407797815445,-0.01543322785300405,-113.60417500523272
1980-01-31,7413.576767149641,0.022928055653813617,166.16896933419594
1980-02-29,7308.159623475063,-0.014219471516325521,-105.41714367457735
1980-03-31,7301.721629170952,-0.0008809323599653363,-6.437994304111271
1980-04-30,7366.9783963981245,0.008937175441811718,65.25676722717253
1980-05-31,7481.801510276645,0.01558618848871074,114.82311387852042
1980-06-30,7527.456793677046,0.006102177842821854,45.65528340040146
1980-07-31,7554.905138353474,0.003646430053173333,27.44834467642795
1980-08-31,7542.431242528497,-0.001651098934605022,-12.473895824977262
1980-09-30,7510.182381174213,-0.004275658646040625,-32.24886135428369
1980-10-31,7506.353932535298,-0.0005097677319411131,-3.828448638915688
1980-11-30,7443.4376047634305,-0.008381742765840583,-62.916327771867145
1980-12-31,7426.513418924458,-0.0022737056099109143,-16.924185838972335
1981-01-31,7277.248078043111,-0.020098979488946345,-149.26534088134758
1981-02-28,7231.821968070836,-0.006242209896531348,-45.42610997227439
1981-03-31,7191.8624802996665,-0.005525507672560881,-39.959487771169734
1981-04-30,7063.449363504536,-0.01785533540816253,-128.41311679513
1981-05-31,7006.751581186421,-0.008026925571387511,-56.69778231811506
1981-06-30,6894.151083204941,-0.01607028544922584,-112.60049798148066
1981-07-31,6879.862968768383,-0.0020724980152183603,-14.288114436557407
1981-08-31,6855.459572602264,-0.003547075904985264,-24.40339616611891
1981-09-30,6848.899914061265,-0.0009568517575706537,-6.559658540999408
1981-10-31,6869.054768930563,0.002942787180743922,20.154854869298106
1981-11-30,6839.243180545117,-0.004339984086353055,-29.811588385446157
1981-12-31,6815.607896738179,-0.0034558332235020695,-23.635283806937878
1982-01-31,6809.22719850907,-0.0009361891596144645,-6.38069822910893
1982-02-28,6802.8744935181385,-0.0009329553568608873,-6.35270499093167
1982-03-31,6981.281074672009,0.026225176037549813,178.40658115387032
1982-04-30,7042.072310402859,0.008707747916267161,60.79123573085053
1982-05-31,7042.072310402859,0.0,0.0
1982-06-30,7042.072310402859,0.0,0.0
1982-07-31,7042.072310402859,0.0,0.0
1982-08-31,7052.549094009251,0.0014877415545584416,10.476783606392019
1982-09-30,7101.313319769575,0.0069144113866213,48.764225760323825
1982-10-31,7101.313319769575,0.0,0.0
1982-11-30,7078.861532337585,-0.0031616387590568396,-22.451787431989942
1982-12-31,7078.861532337585,0.0,0.0
1983-01-31,7078.861532337585,0.0,0.0
1983-02-28,7078.861532337585,0.0,0.0
1983-03-31,7078.861532337585,0.0,0.0
1983-04-30,7078.861532337585,0.0,0.0
1983-05-31,7078.861532337585,0.0,0.0
1983-06-30,7078.861532337585,0.0,0.0
1983-07-31,7078.861532337585,0.0,0.0
1983-08-31,7078.861532337585,0.0,0.0
1983-09-30,7078.861532337585,0.0,0.0
1983-10-31,7078.861532337585,0.0,0.0
1983-11-30,7078.861532337585,0.0,0.0
1983-12-31,7078.861532337585,0.0,0.0
1984-01-31,7078.861532337585,0.0,0.0
1984-02-29,7063.663735815717,-0.002146926656559356,-15.19779652186844
1984-03-31,7063.663735815717,0.0,0.0
1984-04-30,7063.663735815717,0.0,0.0
1984-05-31,7063.663735815717,0.0,0.0
1984-06-30,7063.663735815717,0.0,0.0
1984-07-31,7063.663735815717,0.0,0.0
1984-08-31,7073.774912394782,0.0014314351528086355,10.111176579065614
1984-09-30,7073.774912394782,0.0,0.0
1984-10-31,7073.774912394782,0.0,0.0
1984-11-30,7073.774912394782,0.0,0.0
1984-12-31,7073.774912394782,0.0,0.0
1985-01-31,7073.774912394782,0.0,0.0
1985-02-28,7073.774912394782,0.0,0.0
1985-03-31,7073.774912394782,0.0,0.0
1985-04-30,7073.774912394782,0.0,0.0
1985-05-31,7073.774912394782,0.0,0.0
1985-06-30,7073.774912394782,0.0,0.0
1985-07-31,7073.774912394782,0.0,0.0
1985-08-31,7073.774912394782,0.0,0.0
1985-09-30,7073.774912394782,0.0,0.0
1985-10-31,7073.774912394782,0.0,0.0
1985-11-30,7073.774912394782,0.0,0.0
1985-12-31,7073.774912394782,0.0,0.0
1986-01-31,7070.2013779012,-0.0005051806903439982,-3.573534493581974
1986-02-28,7070.2013779012,0.0,0.0
1986-03-31,7070.2013779012,0.0,0.0
1986-04-30,7066.182034177357,-0.0005684906990635064,-4.0193437238431216
1986-05-31,7062.545264277716,-0.0005146725462280566,-3.636769899640967
1986-06-30,7062.545264277716,0.0,0.0
1986-07-31,7062.545264277716,0.0,0.0
1986-08-31,7062.545264277716,0.0,0.0
1986-09-30,7072.537927960926,0.0014148813649028646,9.992663683209685
1986-10-31,7099.475116197707,0.0038087018424159957,26.937188236781367
1986-11-30,7099.475116197707,0.0,0.0
1986-12-31,7095.880318851865,-0.0005063469181885161,-3.5947973458423803
1987-01-31,7138.690230128546,0.006033065575098195,42.809911276681305
1987-02-28,7142.491974674619,0.0005325549118277983,3.8017445460727686
1987-03-31,7142.491974674619,0.0,0.0
1987-04-30,7130.205430079718,-0.0017202041862232065,-12.286544594900988
1987-05-31,7109.04984574657,-0.002967037140879647,-21.155584333148
1987-06-30,7109.04984574657,0.0,0.0
1987-07-31,7109.04984574657,0.0,0.0
1987-08-31,7109.04984574657,0.0,0.0
1987-09-30,7109.04984574657,0.0,0.0
1987-10-31,7104.886906145219,-0.0005855831217503882,-4.162939601351354
1987-11-30,6944.998374923557,-0.022504021996939794,-159.88853122166165
1987-12-31,6961.149234540519,0.0023255382859810325,16.150859616961498
1988-01-31,7022.701113775923,0.008842200786328469,61.55187923540416
1988-02-29,7022.701113775923,0.0,0.0
1988-03-31,7018.189431054104,-0.0006424426511572046,-4.511682721818943
1988-04-30,7013.725478003218,-0.0006360547965738039,-4.463953050885721
1988-05-31,7013.725478003218,0.0,0.0
1988-06-30,7013.725478003218,0.0,0.0
1988-07-31,7013.725478003218,0.0,0.0
1988-08-31,7013.725478003218,0.0,0.0
1988-09-30,7013.725478003218,0.0,0.0
1988-10-31,7013.725478003218,0.0,0.0
1988-11-30,7009.772147672234,-0.0005636562684672164,-3.9533303309844996
1988-12-31,7009.772147672234,0.0,0.0
1989-01-31,7009.772147672234,0.0,0.0
1989-02-28,7005.68185902826,-0.0005835123535836706,-4.090288643973508
1989-03-31,7005.68185902826,0.0,0.0
1989-04-30,7005.68185902826,0.0,0.0
1989-05-31,7005.68185902826,0.0,0.0
1989-06-30,7005.68185902826,0.0,0.0
1989-07-31,7005.68185902826,0.0,0.0
1989-08-31,7005.68185902826,0.0,0.0
1989-09-30,7005.68185902826,0.0,0.0
1989-10-31,6998.637232367232,-0.0010055590309099305,-7.044626661027905
1989-11-30,6993.4355024565175,-0.0007432489694790823,-5.2017299107146755
1989-12-31,6993.4355024565175,0.0,0.0
1990-01-31,6993.4355024565175,0.0,0.0
1990-02-28,6988.177774860779,-0.0007518089777036607,-5.257727595738288
1990-03-31,6995.688784726676,0.0010748166557692507,7.511009865896995
1990-04-30,6990.902985087656,-0.0006841069959356849,-4.785799639020297
1990-05-31,6986.01012138352,-0.0006998900878145697,-4.892863704136289
1990-06-30,6986.01012138352,0.0,0.0
1990-07-31,6986.01012138352,0.0,0.0
1990-08-31,6970.69520819295,-0.0021922260237917657,-15.314913190569314
1990-09-30,6970.69520819295,0.0,0.0
1990-10-31,6962.999019873335,-0.0011040775833334182,-7.69618831961543
1990-11-30,6950.795246810765,-0.001752660459629296,-12.20377306256978
1990-12-31,6950.795246810765,0.0,0.0
1991-01-31,6935.635181176175,-0.002181054842831931,-15.160065634589955
1991-02-28,6951.1517100806805,0.0022372181493366394,15.516528904505321
1991-03-31,6939.44764014311,-0.0016837598179013646,-11.704069937570239
1991-04-30,6939.44764014311,0.0,0.0
1991-05-31,6939.44764014311,0.0,0.0
1991-06-30,6939.44764014311,0.0,0.0
1991-07-31,6947.163067628985,0.0011118215578489465,7.715427485874898
1991-08-31,6947.163067628985,0.0,0.0
1991-09-30,6947.163067628985,0.0,0.0
1991-10-31,6947.163067628985,0.0,0.0
1991-11-30,6940.914682549465,-0.000899415346767185,-6.248385079519721
1991-12-31,6977.886917050895,0.005326709258418605,36.97223450142974
1992-01-31,6927.742772946891,-0.007186150291641158,-50.144144104004226
1992-02-29,6927.742772946891,0.0,0.0
1992-03-31,6927.742772946891,0.0,0.0
1992-04-30,6911.065414478699,-0.0024073293444609734,-16.677358468192324
1992-05-31,6911.065414478699,0.0,0.0
1992-06-30,6892.83951829078,-0.002637204988645503,-18.225896187918806
1992-07-31,6892.83951829078,0.0,0.0
1992-08-31,6892.83951829078,0.0,0.0
1992-09-30,6892.83951829078,0.0,0.0
1992-10-31,6941.752339109,0.007096178677658882,48.9128208182201
1992-11-30,6941.752339109,0.0,0.0
1992-12-31,6941.752339109,0.0,0.0
1993-01-31,6941.752339109,0.0,0.0
1993-02-28,6930.9150722589375,-0.0015611716351513483,-10.837266850062406
1993-03-31,6930.9150722589375,0.0,0.0
1993-04-30,6930.9150722589375,0.0,0.0
1993-05-31,6930.9150722589375,0.0,0.0
1993-06-30,6930.9150722589375,0.0,0.0
1993-07-31,6930.9150722589375,0.0,0.0
1993-08-31,6911.388480924186,-0.002817317934381669,-19.526591334751174
1993-09-30,6911.388480924186,0.0,0.0
1993-10-31,6903.512247796048,-0.0011396021436036463,-7.876233128138665
1993-11-30,6903.512247796048,0.0,0.0
1993-12-31,6891.875299488465,-0.0016856562123572782,-11.636948307582315
1994-01-31,6872.907694368489,-0.002752168937442123,-18.967605119976724
1994-02-28,6872.907694368489,0.0,0.0
1994-03-31,6872.907694368489,0.0,0.0
1994-04-30,6817.863629601469,-0.008008846795966917,-55.044064767019336
1994-05-31,6823.480527432979,0.0008238501291111255,5.616897831509959
1994-06-30,6803.979837260512,-0.00285788024074618,-19.50069017246733
1994-07-31,6812.369785010059,0.0012330941522784578,8.389947749546991
1994-08-31,6804.735781500537,-0.001120609090586866,-7.63400350952179
1994-09-30,6804.735781500537,0.0,0.0
1994-10-31,6799.423079692153,-0.0007807359431687422,-5.31270180838419
1994-11-30,6799.423079692153,0.0,0.0
1994-12-31,6834.297878071233,0.0051290819780343,34.87479837907995
1995-01-31,6826.192545477587,-0.001185978828879053,-8.105332593645471
1995-02-28,6826.192545477587,0.0,0.0
1995-03-31,6826.192545477587,0.0,0.0
1995-04-30,6811.615075759744,-0.0021355198554281474,-14.577469717843087
1995-05-31,6806.300041832917,-0.0007802898237367906,-5.315033926827709
1995-06-30,6806.300041832917,0.0,0.0
1995-07-31,6806.300041832917,0.0,0.0
1995-08-31,6806.300041832917,0.0,0.0
1995-09-30,6776.992881040158,-0.00430588728275727,-29.307160792758623
1995-10-31,6776.992881040158,0.0,0.0
1995-11-30,6745.431178255211,-0.004657183995758096,-31.561702784946647
1995-12-31,6740.138485732889,-0.0007846336850020341,-5.292692522321886
1996-01-31,6730.130838245794,-0.001484783659605693,-10.00764748709571
1996-02-29,6730.130838245794,0.0,0.0
1996-03-31,6622.5761199056005,-0.015981073908546417,-107.55471834019318
1996-04-30,6614.26564914144,-0.0012548697989566149,-8.310470764160527
1996-05-31,6606.116819874211,-0.0012320081622798629,-8.148829267229303
1996-06-30,6565.411670660692,-0.006161736209547408,-40.70514921351878
1996-07-31,6554.616866513789,-0.0016441930359283319,-10.794804146902607
1996-08-31,6478.705592247954,-0.011581344235946256,-75.91127426583535
1996-09-30,6521.447756545875,0.006597330854031025,42.74216429792068
1996-10-31,6449.295923459588,-0.011063775373169937,-72.15183308628639
1996-11-30,6426.852710446893,-0.003479947777098702,-22.443213012695196
1996-12-31,6379.757415402946,-0.0073278939421457245,-47.09529504394686
1997-01-31,6545.106092300267,0.025917705977050343,165.34867689732073
1997-02-28,6545.106092300267,0.0,0.0
1997-03-31,6442.933087033805,-0.015610595737578503,-102.17300526646159
1997-04-30,6577.894570563034,0.02094721172889935,134.96148352922864
1997-05-31,6738.245812105304,0.02437728969689834,160.35124154227015
1997-06-30,6743.412986395552,0.000766842652276889,5.167174290248113
1997-07-31,6743.412986395552,0.0,0.0
1997-08-31,6710.764361596095,-0.004841557956679177,-32.64862479945714
1997-09-30,6867.260470447936,0.023320161522497607,156.4961088518412
1997-10-31,6986.055238531781,0.01729871301591901,118.79476808384425
1997-11-30,7235.409335534081,0.035693118432127635,249.35409700230048
1997-12-31,6986.690812837722,-0.03437518337419676,-248.7185226963593
1998-01-31,7093.853211815819,0.015338076615783791,107.16239897809737
1998-02-28,7238.979647345255,0.020458054486905297,145.1264355294361
1998-03-31,7238.979647345255,0.0,0.0
1998-04-30,7238.979647345255,0.0,0.0
1998-05-31,7129.482519624832,-0.015126044422652751,-109.49712772042312
1998-06-30,7287.943569534151,0.022226164307596497,158.46104990931872
1998-07-31,7249.836523670592,-0.005228778941546386,-38.1070458635586
1998-08-31,7213.227015613953,-0.005049701181138344,-36.60950805663924
1998-09-30,6805.652249997671,-0.05650380401643185,-407.5747656162821
1998-10-31,7416.521287769714,0.08975907309578623,610.8690377720432
1998-11-30,7526.137757095188,0.01478003838622266,109.6164693254741
1998-12-31,7526.137757095188,0.0,0.0
1999-01-31,7521.63076122814,-0.0005988457841871186,-4.5069958670483175
1999-02-28,7638.16527596377,0.015493251189134805,116.53451473563018
1999-03-31,7952.72794077613,0.041183013648872446,314.5626648123598
1999-04-30,7828.075975234834,-0.015674114149204832,-124.6519655412958
1999-05-31,7397.195089370573,-0.05504301276934587,-430.88088586426056
1999-06-30,7433.555237250038,0.004915396638884406,36.36014787946442
1999-07-31,7371.422220055562,-0.008358452343654177,-62.13301719447554
1999-08-31,7394.489345142755,0.0031292638514768267,23.067125087192835
1999-09-30,7278.438877421634,-0.01569418283053603,-116.0504677211211
1999-10-31,7336.433102205396,0.00796794831425518,57.99422478376164
1999-11-30,7785.186828262176,0.061167834532817045,448.7537260567806
1999-12-31,7785.186828262176,0.0,0.0
2000-01-31,7508.774179039938,-0.03550494744953214,-276.41264922223854
2000-02-29,7271.975868650011,-0.031536214133450424,-236.79831038992688
2000-03-31,7236.421824268735,-0.004889186243666188,-35.55404438127607
2000-04-30,6774.972329221299,-0.06376763354229509,-461.44949504743545
2000-05-31,6747.62299818405,-0.004036818116479712,-27.349331037249613
2000-06-30,6774.328645069512,0.003957785859205476,26.705646885462556
2000-07-31,6774.328645069512,0.0,0.0
2000-08-31,6774.328645069512,0.0,0.0
2000-09-30,6774.328645069512,0.0,0.0
2000-10-31,6666.6260407342725,-0.015898638813992005,-107.70260433523981
2000-11-30,6512.425863139407,-0.023130167591923545,-154.20017759486564
2000-12-31,6362.848873253804,-0.02296793745203518,-149.57698988560242
2001-01-31,6295.542263181258,-0.010578062030589641,-67.30661007254639
2001-02-28,6275.22234720051,-0.0032276673130425815,-20.319915980748192
2001-03-31,6275.22234720051,0.0,0.0
2001-04-30,6745.901497538819,0.0750059717881213,470.6791503383092
2001-05-31,6816.680196513428,0.010492103835259448,70.77869897460914
2001-06-30,6816.680196513428,0.0,0.0
2001-07-31,6773.173462801095,-0.006382393255676799,-43.50673371233279
2001-08-31,6827.283736011894,0.007988910000308769,54.11027321079837
2001-09-30,6942.145249483225,0.016823896283300943,114.86151347133091
2001-10-31,7041.505587408728,0.014312627344249318,99.3603379255037
2001-11-30,7139.462308443186,0.013911331861984122,97.95672103445759
2001-12-31,7213.149728644078,0.010321144228711665,73.68742020089212
2002-01-31,7195.054007121338,-0.0025087128651829493,-18.09572152273995
2002-02-28,7259.887453392963,0.009010835249805726,64.83344627162478
2002-03-31,6987.87574969249,-0.037467757654196965,-272.01170370047294
2002-04-30,6970.070580782055,-0.0025480088009891544,-17.805168910434986
2002-05-31,6865.993611439142,-0.01493198212796798,-104.07696934291289
2002-06-30,6865.993611439142,0.0,0.0
2002-07-31,6954.942468023964,0.012954986797049761,88.94885658482144
2002-08-31,6649.2663792614085,-0.04395091550619301,-305.6760887625551
2002-09-30,6625.792628712092,-0.0035302767569260762,-23.47375054931672
2002-10-31,7158.824549636689,0.08044802347341307,533.0319209245972
2002-11-30,7180.659161583885,0.003050027528374688,21.83461194719621
2002-12-31,7026.90559776727,-0.021412179628186312,-153.7535638166155
2003-01-31,7041.511004043428,0.0020784975794749805,14.605406276158647
2003-02-28,7195.309098892061,0.021841632394001387,153.7980948486329
2003-03-31,7068.237091620158,-0.017660395894801728,-127.0720072719032
2003-04-30,7412.338624945352,0.048682794431605725,344.1015333251944
2003-05-31,7423.284398435168,0.001476696363139629,10.94577348981602
2003-06-30,7423.284398435168,0.0,0.0
2003-07-31,7356.514700123227,-0.008994630237528889,-66.76969831194128
2003-08-31,7410.395026295103,0.007324164821008727,53.88032617187582
2003-09-30,7390.736258516434,-0.002652863674461603,-19.658767778669244
2003-10-31,7392.909520322377,0.0002940521390462081,2.1732618059431843
2003-11-30,7392.909520322377,0.0,0.0
2003-12-31,7392.909520322377,0.0,0.0
2004-01-31,7392.909520322377,0.0,0.0
2004-02-29,7355.800200288895,-0.005019582605667261,-37.10932003348171
2004-03-31,7399.937108631529,0.006000286459779014,44.13690834263343
2004-04-30,7340.427972906779,-0.008041843444228203,-59.509135724749285
2004-05-31,7313.258128215095,-0.003701397901044401,-27.169844691684375
2004-06-30,7323.132427775642,0.0013501915818410204,9.874299560547115
2004-07-31,7297.762883969838,-0.0034643022034642756,-25.369543805803914
2004-08-31,7323.586650780663,0.0035385867177939456,25.823766810824964
2004-09-30,7316.915217396177,-0.0009109516556038422,-6.6714333844865905
2004-10-31,7316.915217396177,0.0,0.0
2004-11-30,7365.593772449887,0.006652879472755835,48.678555053710625
2004-12-31,7365.593772449887,0.0,0.0
2005-01-31,7365.593772449887,0.0,0.0
2005-02-28,7365.593772449887,0.0,0.0
2005-03-31,7273.934980039174,-0.01244418240299272,-91.65879241071343
2005-04-30,7263.285177479185,-0.0014641047231261917,-10.64980255998853
2005-05-31,7244.544406640039,-0.002580205840912675,-18.740770839146535
2005-06-30,7244.544406640039,0.0,0.0
2005-07-31,7282.053217465932,0.005177525144509421,37.508810825893306
2005-08-31,7282.053217465932,0.0,0.0
2005-09-30,7282.053217465932,0.0,0.0
2005-10-31,7345.870612590094,0.008763654043490998,63.81739512416243
2005-11-30,7543.668638904965,0.026926423938894883,197.79802631487019
2005-12-31,7543.668638904965,0.0,0.0
2006-01-31,7543.668638904965,0.0,0.0
2006-02-28,7511.02499871593,-0.0043272897779047526,-32.64364018903416
2006-03-31,7478.615703776616,-0.00431489642823113,-32.40929493931435
2006-04-30,7464.486605440261,-0.0018892665295290323,-14.129098336355128
2006-05-31,7410.352896159429,-0.007252167783565744,-54.13370928083168
2006-06-30,7280.293505865765,-0.017551038677398267,-130.05939029366436
2006-07-31,7294.692062070423,0.0019777439182990797,14.398556204658234
2006-08-31,7322.7903397978225,0.003851879899564148,28.098277727399363
2006-09-30,7322.7903397978225,0.0,0.0
2006-10-31,7322.7903397978225,0.0,0.0
2006-11-30,7322.7903397978225,0.0,0.0
2006-12-31,7322.7903397978225,0.0,0.0
2007-01-31,7322.7903397978225,0.0,0.0
2007-02-28,7322.7903397978225,0.0,0.0
2007-03-31,7299.414078253457,-0.0031922614822550432,-23.37626154436566
2007-04-30,7382.668184332558,0.011405587515185944,83.2541060791009
2007-05-31,7382.668184332558,0.0,0.0
2007-06-30,7417.367467710068,0.004700100629085435,34.699283377510255
2007-07-31,7349.584270322372,-0.009138444021113412,-67.78319738769642
2007-08-31,7154.502931978343,-0.026543180017918444,-195.08133834402815
2007-09-30,7619.515383342042,0.06499577340100604,465.01245136369835
2007-10-31,7450.741337844694,-0.02215023357867696,-168.7740454973482
2007-11-30,7322.306426188724,-0.017237870143687273,-128.4349116559697
2007-12-31,6982.421289574608,-0.046417770143911796,-339.88513661411616
2008-01-31,6982.421289574608,0.0,0.0
2008-02-29,6830.709525641153,-0.02172767262840103,-151.71176393345468
2008-03-31,7072.937361578652,0.03546159224429357,242.22783593749864
2008-04-30,6975.979417905381,-0.013708299496608345,-96.95794367327107
2008-05-31,6984.718528989365,0.0012527432437019481,8.739111083984426
2008-06-30,6945.15578837134,-0.005664185386114462,-39.56274061802469
2008-07-31,6892.42098457321,-0.007593033965692553,-52.73480379813009
2008-08-31,6868.316413196954,-0.0034972575572802533,-24.10457137625599
2008-09-30,6550.610593634314,-0.04625672442116857,-317.7058195626405
2008-10-31,5453.471654800259,-0.16748651490598776,-1097.138938834055
2008-11-30,4875.953904547399,-0.10589910185826612,-577.5177502528595
2008-12-31,4303.972887204697,-0.11730648577486813,-571.9810173427022
2009-01-31,4279.645730701837,-0.005652255983113252,-24.327156502859907
2009-02-28,4239.544248550261,-0.009370280783732032,-40.10148215157642
2009-03-31,4575.479986979739,0.07923864423501503,335.9357384294781
2009-04-30,5182.608605841347,0.13269178765709588,607.1286188616077
2009-05-31,5280.140220735668,0.018819019978547624,97.53161489432114
2009-06-30,5257.981299035054,-0.004196654023238544,-22.158921700613973
2009-07-31,5257.981299035054,0.0,0.0
2009-08-31,5257.981299035054,0.0,0.0
2009-09-30,5257.981299035054,0.0,0.0
2009-10-31,5292.96941097353,0.006654286112599328,34.98811193847632
2009-11-30,5580.478216271381,0.05431899997415046,287.5088052978508
2009-12-31,5580.478216271381,0.0,0.0
2010-01-31,5515.971964405449,-0.011559269540349804,-64.50625186593152
2010-02-28,5661.254409840019,0.02633850323607101,145.28244543457004
2010-03-31,5708.128827459997,0.008279864183192931,46.874417619977976
2010-04-30,5708.128827459997,0.0,0.0
2010-05-31,5154.604542809467,-0.09697123197144764,-553.5242846505307
2010-06-30,4901.620610418983,-0.04907921263201254,-252.98393239048346
2010-07-31,4800.320772615549,-0.020666601080489455,-101.29983780343446
2010-08-31,4661.576818827883,-0.028903058849558683,-138.74395378766621
2010-09-30,4988.270603774868,0.07008224848456535,326.69378494698503
2010-10-31,5066.232382932234,0.015629019624229912,77.96177915736644
2010-11-30,5094.8287122779375,0.005644496182615422,28.596329345703452
2010-12-31,5125.686198396799,0.00605662876251345,30.857486118861743
2011-01-31,5125.686198396799,0.0,0.0
2011-02-28,5125.686198396799,0.0,0.0
2011-03-31,5091.725449303607,-0.00662560051058414,-33.960749093192135
2011-04-30,5073.2597481317325,-0.003626609752574117,-18.46570117187457
2011-05-31,4902.75001769786,-0.03360950136579621,-170.5097304338724
2011-06-30,5010.22833045944,0.021922046274765572,107.47831276158013
2011-07-31,4740.797092753664,-0.05377623931184572,-269.43123770577586
2011-08-31,4514.521842003802,-0.04772936835784969,-226.2752507498626
2011-09-30,4225.867030916331,-0.06393917699141083,-288.654811087471
2011-10-31,4614.61214257579,0.09199179927229384,388.7451116594593
2011-11-30,4205.959681376712,-0.0885561881634056,-408.65246119907806
2011-12-31,4289.181045686842,0.019786534017104396,83.2213643101295
2012-01-31,4319.481553970184,0.007064404127639312,30.300508283342424
2012-02-29,4319.481553970184,0.0,0.0
2012-03-31,4319.481553970184,0.0,0.0
2012-04-30,4305.635415420379,-0.003205509359584746,-13.846138549804891
2012-05-31,4305.635415420379,0.0,0.0
2012-06-30,4225.217323518872,-0.018677403946812277,-80.41809190150707
2012-07-31,4131.985769633548,-0.0220655049780204,-93.23155388532359
2012-08-31,4332.393473787426,0.04850154751903979,200.4077041538776
2012-09-30,4332.393473787426,0.0,0.0
2012-10-31,4317.15280123232,-0.003517841268877775,-15.240672555106357
2012-11-30,4310.946816700372,-0.0014375179238909075,-6.2059845319472515
2012-12-31,4435.923173407265,0.0289904659047846,124.97635670689215
2013-01-31,4583.56436462169,0.03328308120832979,147.64119121442582
2013-02-28,4583.56436462169,0.0,0.0
2013-03-31,4583.56436462169,0.0,0.0
2013-04-30,4921.26907732049,0.07367731438558578,337.7047126988
2013-05-31,4986.205790193677,0.013195115295045579,64.93671287318648
2013-06-30,4865.363412002409,-0.02423533710319925,-120.84237819126793
2013-07-31,5038.337681237203,0.03555217865290028,172.9742692347936
2013-08-31,5105.45303056756,0.013320931143677717,67.11534933035728
2013-09-30,5055.131681080256,-0.009856392603363018,-50.32134948730345
2013-10-31,5250.486495132292,0.038644851682733794,195.35481405203518
2013-11-30,5250.486495132292,0.0,0.0
2013-12-31,5250.486495132292,0.0,0.0
2014-01-31,5211.502665699395,-0.007424803295663751,-38.98382943289653
2014-02-28,5551.472224223389,0.06523445929742588,339.96955852399424
2014-03-31,5505.238307806677,-0.00832822619826401,-46.23391641671242
2014-04-30,5389.994691438793,-0.02093344736856595,-115.24361636788399
2014-05-31,5372.091825541751,-0.0033214997271663327,-17.90286589704192
2014-06-30,5372.091825541751,0.0,0.0
2014-07-31,5353.149888216137,-0.003525989119462558,-18.941937325614163
2014-08-31,5353.149888216137,0.0,0.0
2014-09-30,5316.602787176795,-0.00682721422013477,-36.547101039342124
2014-10-31,5908.2769042247855,0.11128800490325519,591.6741170479909
2014-11-30,6100.323177923864,0.032504616288676846,192.04627369907848
2014-12-31,5914.1663359177255,-0.030515898351059723,-186.1568420061385
2015-01-31,5756.527610820069,-0.026654428729927737,-157.6387250976568
2015-02-28,5793.927410589879,0.0064969374418553105,37.39979976981067
2015-03-31,5764.776069246408,-0.005031361161030423,-29.15134134347136
2015-04-30,5764.776069246408,0.0,0.0
2015-05-31,5693.590963289377,-0.01234828640383534,-71.18510595703083
2015-06-30,5693.590963289377,0.0,0.0
2015-07-31,5567.83249753882,-0.022087723997282538,-125.75846575055766
2015-08-31,5448.4017334658565,-0.02145013595968548,-119.43076407296303
2015-09-30,4926.098429371269,-0.09586358158695063,-522.3033040945875
2015-10-31,5748.26195240768,0.16689953211944775,822.1635230364109
2015-11-30,5712.521039775146,-0.006217690308557233,-35.740912632533764
2015-12-31,5566.074682684604,-0.0256360293591682,-146.44635709054182
2016-01-31,5490.111009414515,-0.013647620199276678,-75.9636732700892
2016-02-29,5801.308569856758,0.05668329108620895,311.19756044224323
2016-03-31,6139.766237546492,0.05834160752081674,338.4576676897341
2016-04-30,6139.766237546492,0.0,0.0
2016-05-31,6139.766237546492,0.0,0.0
2016-06-30,6139.766237546492,0.0,0.0
2016-07-31,6320.6647853283,0.029463425932335863,180.8985477818078
2016-08-31,6320.6647853283,0.0,0.0
2016-09-30,6292.658762100064,-0.004430866717254789,-28.00602322823579
2016-10-31,6323.737872905031,0.00493894742746126,31.07911080496615
2016-11-30,6504.262698483992,0.028547170867477822,180.5248255789611
2016-12-31,6504.262698483992,0.0,0.0
2017-01-31,6486.748393517474,-0.0026927425564468033,-17.514304966517557
2017-02-28,6486.748393517474,0.0,0.0
2017-03-31,6466.3585315964365,-0.0031433101276772124,-20.389861921037664
2017-04-30,6485.946188474226,0.0030291634437029646,19.587656877789414
2017-05-31,6485.946188474226,0.0,0.0
2017-06-30,6445.940613976458,-0.006168039841104367,-40.005574497768066
2017-07-31,6589.414002787841,0.022257944558207177,143.4733888113833
2017-08-31,6589.414002787841,0.0,0.0
2017-09-30,6589.414002787841,0.0,0.0
2017-10-31,6589.414002787841,0.0,0.0
2017-11-30,6589.414002787841,0.0,0.0
2017-12-31,6589.414002787841,0.0,0.0
2018-01-31,6589.414002787841,0.0,0.0
2018-02-28,6220.011132914792,-0.056060048695796394,-369.402869873049
2018-03-31,5858.834095491521,-0.058066943885680455,-361.17703742327103
2018-04-30,5303.594740720316,-0.09476959847667854,-555.2393547712054
2018-05-31,5268.105586772213,-0.006691528233788491,-35.489153948102285
2018-06-30,5268.105586772213,0.0,0.0
2018-07-31,5372.089760635216,0.019738437688891164,103.98417386300298
2018-08-31,5372.089760635216,0.0,0.0
2018-09-30,5350.110737476733,-0.004091335799996765,-21.97902315848296
2018-10-31,5228.957362476734,-0.022645021934095344,-121.15337499999987
2018-11-30,4900.893856373218,-0.06273975543532173,-328.06350610351546
2018-12-31,5015.324945972827,0.02334902427050123,114.43108959960864
2019-01-31,6344.708830808206,0.26506435757524316,1329.383884835379
2019-02-28,6417.139456401118,0.011415910095229131,72.43062559291229
2019-03-31,6417.139456401118,0.0,0.0
2019-04-30,6417.139456401118,0.0,0.0
2019-05-31,6141.610335656141,-0.04293643961097593,-275.52912074497726
2019-06-30,6426.141327180973,0.04632840183183573,284.53099152483264
2019-07-31,6426.141327180973,0.0,0.0
2019-08-31,6342.038601455527,-0.0130875935407323,-84.10272572544636
2019-09-30,6175.660292408374,-0.026234199995088137,-166.37830904715338
2019-10-31,6627.711864639122,0.07319890519017802,452.0515722307482
2019-11-30,6627.711864639122,0.0,0.0
2019-12-31,6627.711864639122,0.0,0.0
2020-01-31,6627.711864639122,0.0,0.0
2020-02-29,6348.8858368070905,-0.04206972685696453,-278.8260278320313
2020-03-31,7461.745202773889,0.17528419860932098,1112.8593659667986
2020-04-30,9834.089339457763,0.31793421943729205,2372.3441366838742
2020-05-31,10914.195949565184,0.10983290600926932,1080.1066101074211
2020-06-30,11097.113995847269,0.016759644698276732,182.9180462820841
2020-07-31,11976.5027693894,0.07924481751482548,879.3887735421322
2020-08-31,11976.5027693894,0.0,0.0
2020-09-30,11611.481536409488,-0.030478115357086222,-365.0212329799124
2020-10-31,11265.716936451336,-0.029777819382820203,-345.76459995815276
2020-11-30,12688.430052871545,0.1262869575407919,1422.7131164202092
2020-12-31,12688.430052871545,0.0,0.0
2021-01-31,12688.430052871545,0.0,0.0
2021-02-28,12875.467509763284,0.014740787955040302,187.03745689173957
2021-03-31,13431.615951378795,0.04319442701352716,556.1484416155108
2021-04-30,13431.615951378795,0.0,0.0
2021-05-31,14138.51711997534,0.05262964420330829,706.9011685965452
2021-06-30,14225.268831122105,0.006135842281804749,86.75171114676414
2021-07-31,14309.474804406143,0.005919464460299784,84.20597328403892
2021-08-31,14309.474804406143,0.0,0.0
2021-09-30,14176.286743929022,-0.009307683356492569,-133.18806047712133
2021-10-31,15345.27055859141,0.08246050857873644,1168.9838146623879
2021-11-30,15345.27055859141,0.0,0.0
2021-12-31,14741.08792835983,-0.03937256289647595,-604.1826302315803
2022-01-31,14002.215027969203,-0.05012336294183117,-738.8729003906265
2022-02-28,12903.413762134942,-0.07847338893449518,-1098.8012658342614
2022-03-31,12409.846845700791,-0.03825087883971623,-493.5669164341507
2022-04-30,11807.941122626016,-0.04850226844526262,-601.9057230747749
2022-05-31,11476.608292547891,-0.02806016956192603,-331.33283007812497
2022-06-30,10795.602812358158,-0.059338566136471704,-681.0054801897331
2022-07-31,10713.09939815615,-0.007642316564996587,-82.50341420200857
2022-08-31,11370.662803848116,0.06137938063051496,657.5634056919662
2022-09-30,11370.662803848116,0.0,0.0
2022-10-31,11189.958264157824,-0.015892172937283622,-180.70453969029222
2022-11-30,11115.871824076912,-0.006620796819074348,-74.08644008091142
2022-12-31,10960.458508612348,-0.013981207945195973,-155.41331546456422
2023-01-31,11079.83088308919,0.010891184377281427,119.37237447684129
2023-02-28,10605.31940844494,-0.04282659903848185,-474.51147464424866
2023-03-31,11294.623721886626,0.064996091762479,689.3043134416857
2023-04-30,11390.101370707776,0.008453371371383911,95.47764882115007
2023-05-31,11390.101370707776,0.0,0.0
2023-06-30,11390.101370707776,0.0,0.0
2023-07-31,11390.101370707776,0.0,0.0
2023-08-31,11419.22862921782,0.0025572431326159606,29.127258510043248
2023-09-30,11456.367929441036,0.003252347547205492,37.139300223216196
2023-10-31,10958.509746475076,-0.043456895416787655,-497.8581829659597
2023-11-30,11978.1504749907,0.09304556478070403,1019.6407285156238
2023-12-31,11978.1504749907,0.0,0.0
2024-01-31,11978.1504749907,0.0,0.0
2024-02-29,11978.1504749907,0.0,0.0
2024-03-31,11978.1504749907,0.0,0.0
2024-04-30,12029.732545372954,0.004306346834592967,51.58207038225373
2024-05-31,12610.741184114582,0.048297718719033655,581.0086387416286
2024-06-30,12610.741184114582,0.0,0.0
2024-07-31,12417.765417443265,-0.015302492046574079,-192.97576667131761
2024-08-31,13293.561194787017,0.07052764711705062,875.795777343752
2024-09-30,14427.19577458612,0.08527696703601517,1133.6345797991034
2024-10-31,14427.19577458612,0.0,0.0
2024-11-30,14909.085178255204,0.03340146007569578,481.88940366908355
2024-12-31,14387.833172465584,-0.03496203821746635,-521.25200578962
2025-01-31,13943.985332482323,-0.03084883141630146,-443.8478399832602
2025-02-28,13414.283935021387,-0.03798780512390554,-529.7013974609363
2025-03-31,13310.045465643598,-0.0077707069481098845,-104.23846937778944
2025-04-30,17270.018647981768,0.29751763001560017,3959.97318233817
2025-05-31,18947.189780096727,0.09711461037194424,1677.1711321149596
2025-06-30,18947.189780096727,0.0,0.0
2025-07-31,18947.189780096727,0.0,0.0
2025-08-31,18947.189780096727,0.0,0.0
2025-09-30,18947.189780096727,0.0,0.0
2025-10-31,18999.90540963077,0.0027822400126809033,52.71562953404282
2025-11-30,18786.04335166481,-0.011255953824778286,-213.86205796595823
2025-12-31,18284.691066159787,-0.02668748688161604,-501.35228550502507
